{
    "metrics": {
        "http_req_duration{expected_response:true}": {
            "p(90)": 72455.6812,
            "p(95)": 76206.27339999996,
            "avg": 63343.613818750004,
            "min": 60076.873,
            "med": 60117.211500000005,
            "max": 82828.903
        },
        "http_req_tls_handshaking": {
            "p(95)": 0,
            "avg": 0,
            "min": 0,
            "med": 0,
            "max": 0,
            "p(90)": 0
        },
        "iteration_duration": {
            "avg": 64248.52918910909,
            "min": 61070.454834,
            "med": 61120.47425,
            "max": 83832.075375,
            "p(90)": 73428.693425,
            "p(95)": 76457.99905819999
        },
        "data_sent": {
            "count": 100729,
            "rate": 45.99616729352497
        },
        "data_received": {
            "count": 111116,
            "rate": 50.73921239153889
        },
        "iterations": {
            "count": 165,
            "rate": 0.07534441524716437
        },
        "http_req_blocked": {
            "p(95)": 7.5402,
            "avg": 0.6752060606060607,
            "min": 0.002,
            "med": 0.008,
            "max": 14.097,
            "p(90)": 0.012
        },
        "http_req_duration": {
            "avg": 63244.75013939395,
            "min": 60068.05,
            "med": 60115.814,
            "max": 82828.903,
            "p(90)": 72426.2528,
            "p(95)": 75454.96239999999,
            "thresholds": {
                "p(99)<120000": false,
                "p(95)<90000": false
            }
        },
        "http_reqs": {
            "count": 165,
            "rate": 0.07534441524716437
        },
        "http_req_waiting": {
            "max": 82828.705,
            "p(90)": 72425.6552,
            "p(95)": 75454.81559999999,
            "avg": 63244.23833939396,
            "min": 60067.23,
            "med": 60115.127
        },
        "vus_max": {
            "value": 10,
            "min": 10,
            "max": 10
        },
        "checks": {
            "fails": 10,
            "passes": 320,
            "value": 0.9696969696969697
        },
        "http_req_receiving": {
            "max": 9.723,
            "p(90)": 1.0056,
            "p(95)": 1.3927999999999996,
            "avg": 0.46307272727272725,
            "min": 0.036,
            "med": 0.129
        },
        "vus": {
            "max": 10,
            "value": 6,
            "min": 0
        },
        "http_req_failed": {
            "fails": 160,
            "passes": 5,
            "thresholds": {
                "rate<0.05": false
            },
            "value": 0.030303030303030304
        },
        "http_req_connecting": {
            "avg": 0.6575454545454544,
            "min": 0,
            "med": 0,
            "max": 13.952,
            "p(90)": 0,
            "p(95)": 7.494
        },
        "http_req_sending": {
            "p(90)": 0.0636,
            "p(95)": 0.08119999999999998,
            "avg": 0.04872727272727271,
            "min": 0.012,
            "med": 0.042,
            "max": 1.386
        }
    },
    "root_group": {
        "name": "",
        "path": "",
        "id": "d41d8cd98f00b204e9800998ecf8427e",
        "groups": {},
        "checks": {
                "status is 200": {
                    "name": "status is 200",
                    "path": "::status is 200",
                    "id": "6210a8cd14cd70477eba5c5e4cb3fb5f",
                    "passes": 160,
                    "fails": 5
                },
                "response has success code": {
                    "passes": 160,
                    "fails": 5,
                    "name": "response has success code",
                    "path": "::response has success code",
                    "id": "8fa8ecb610418972fd4721c532ced3c7"
                }
            }
    }
}